{
  "project_info": {
    "project_number": "575047510906",
    "project_id": "poilogin",
    "storage_bucket": "poilogin.appspot.com"
  },
  "client": [
    {
      "client_info": {
        "mobilesdk_app_id": "1:575047510906:android:39fb6367f606d6e96a04c3",
        "android_client_info": {
          "package_name": "com.example.poi_locator"
        }
      },
      "oauth_client": [],
      "api_key": [
        {
          "current_key": "AIzaSyDSpbCUWEIgxfCNuEFkr4SeD1kq6d-E9X4"
        }
      ],
      "services": {
        "appinvite_service": {
          "other_platform_oauth_client": []
        }
      }
    },
    {
      "client_info": {
        "mobilesdk_app_id": "1:575047510906:android:998399f5c4027fb16a04c3",
        "android_client_info": {
          "package_name": "com.example.poi_locatorv3"
        }
      },
      "oauth_client": [],
      "api_key": [
        {
          "current_key": "AIzaSyDSpbCUWEIgxfCNuEFkr4SeD1kq6d-E9X4"
        }
      ],
      "services": {
        "appinvite_service": {
          "other_platform_oauth_client": []
        }
      }
    }
  ],
  "configuration_version": "1"
}