{
  "project_info": {
    "project_number": "575047510906",
    "project_id": "poilogin",
    "storage_bucket": "poilogin.appspot.com"
  },
  "client": [
    {
      "client_info": {
        "mobilesdk_app_id": "1:575047510906:android:66ddb69bcd1726cc6a04c3",
        "android_client_info": {
          "package_name": "com.example.firebaseuitester"
        }
      },
      "oauth_client": [
        {
          "client_id": "575047510906-2qkn8frt9v5vskjehqas5vu8u7v645i5.apps.googleusercontent.com",
          "client_type": 1,
          "android_info": {
            "package_name": "com.example.firebaseuitester",
            "certificate_hash": "8cba3a6dcfe8d5a643d918a01bcf5aa8a9a466b9"
          }
        },
        {
          "client_id": "575047510906-p803aigi3kksc7fupmnaqvpkqlai8vdj.apps.googleusercontent.com",
          "client_type": 3
        }
      ],
      "api_key": [
        {
          "current_key": "AIzaSyDSpbCUWEIgxfCNuEFkr4SeD1kq6d-E9X4"
        }
      ],
      "services": {
        "appinvite_service": {
          "other_platform_oauth_client": [
            {
              "client_id": "575047510906-p803aigi3kksc7fupmnaqvpkqlai8vdj.apps.googleusercontent.com",
              "client_type": 3
            }
          ]
        }
      }
    },
    {
      "client_info": {
        "mobilesdk_app_id": "1:575047510906:android:0164d29c212eac3f6a04c3",
        "android_client_info": {
          "package_name": "com.example.firestoreauthexperiment"
        }
      },
      "oauth_client": [
        {
          "client_id": "575047510906-p803aigi3kksc7fupmnaqvpkqlai8vdj.apps.googleusercontent.com",
          "client_type": 3
        }
      ],
      "api_key": [
        {
          "current_key": "AIzaSyDSpbCUWEIgxfCNuEFkr4SeD1kq6d-E9X4"
        }
      ],
      "services": {
        "appinvite_service": {
          "other_platform_oauth_client": [
            {
              "client_id": "575047510906-p803aigi3kksc7fupmnaqvpkqlai8vdj.apps.googleusercontent.com",
              "client_type": 3
            }
          ]
        }
      }
    },
    {
      "client_info": {
        "mobilesdk_app_id": "1:575047510906:android:39fb6367f606d6e96a04c3",
        "android_client_info": {
          "package_name": "com.example.poi_locator"
        }
      },
      "oauth_client": [
        {
          "client_id": "575047510906-p803aigi3kksc7fupmnaqvpkqlai8vdj.apps.googleusercontent.com",
          "client_type": 3
        }
      ],
      "api_key": [
        {
          "current_key": "AIzaSyDSpbCUWEIgxfCNuEFkr4SeD1kq6d-E9X4"
        }
      ],
      "services": {
        "appinvite_service": {
          "other_platform_oauth_client": [
            {
              "client_id": "575047510906-p803aigi3kksc7fupmnaqvpkqlai8vdj.apps.googleusercontent.com",
              "client_type": 3
            }
          ]
        }
      }
    },
    {
      "client_info": {
        "mobilesdk_app_id": "1:575047510906:android:fd1460c3d4d0f6716a04c3",
        "android_client_info": {
          "package_name": "com.example.reviewapp"
        }
      },
      "oauth_client": [
        {
          "client_id": "575047510906-p803aigi3kksc7fupmnaqvpkqlai8vdj.apps.googleusercontent.com",
          "client_type": 3
        }
      ],
      "api_key": [
        {
          "current_key": "AIzaSyDSpbCUWEIgxfCNuEFkr4SeD1kq6d-E9X4"
        }
      ],
      "services": {
        "appinvite_service": {
          "other_platform_oauth_client": [
            {
              "client_id": "575047510906-p803aigi3kksc7fupmnaqvpkqlai8vdj.apps.googleusercontent.com",
              "client_type": 3
            }
          ]
        }
      }
    }
  ],
  "configuration_version": "1"
}