{
  "project_info": {
    "project_number": "769574873829",
    "project_id": "reviewapp-17cb4",
    "storage_bucket": "reviewapp-17cb4.appspot.com"
  },
  "client": [
    {
      "client_info": {
        "mobilesdk_app_id": "1:769574873829:android:49184f7b99cf6468d0c20c",
        "android_client_info": {
          "package_name": "com.example.reviewapp"
        }
      },
      "oauth_client": [],
      "api_key": [
        {
          "current_key": "AIzaSyBZ90dV0Fet7uKGkcQDMjpobTOT9eep4UM"
        }
      ],
      "services": {
        "appinvite_service": {
          "other_platform_oauth_client": []
        }
      }
    }
  ],
  "configuration_version": "1"
}